Rank,State,Region,Sub-region,Name,Annual Permit (SF),Annual Change (SF),Annual Permit (MF),Annual Change (MF),Current Employment,Annual Job Growth #,Annual Job Growth %,"E-P
Ratio",Population (Estimate)
1,TX,South,West South Central,"Abilene, TX",299,28,36,12,70300,1600,2.3%,4.8,170692
2,OH,Midwest,East North Central,"Akron, OH",522,-69,137,91,343300,500,0.1%,0.8,704556
3,GA,South,South Atlantic,"Albany, GA",416,265,28,26,63100,400,0.6%,0.9,153565
4,OR,West,Pacific,"Albany, OR",370,34,63,48,45800,1600,3.6%,3.7,120576
5,NY,Northeast,Middle Atlantic,"Albany-Schenectady-Troy, NY",1240,-64,1285,-225,472400,3100,0.7%,1.2,883496
6,NM,West,Mountain,"Albuquerque, NM",2259,226,234,-88,394800,4900,1.3%,2.0,908252
7,LA,South,West South Central,"Alexandria, LA",223,1,0,0,62400,200,0.3%,0.9,155078
8,PA,Northeast,Middle Atlantic,"Allentown-Bethlehem-Easton, PA-NJ",302,-31,70,-50,374300,5600,1.5%,15.1,832786
9,PA,Northeast,Middle Atlantic,"Altoona, PA",4,4,0,0,61700,300,0.5%,75.0,125354
10,TX,South,West South Central,"Amarillo, TX",517,-40,105,89,121900,1900,1.6%,3.1,264900
11,IA,Midwest,West North Central,"Ames, IA",106,-31,579,-112,55900,1300,2.4%,1.9,95567
12,AK,West,Pacific,"Anchorage, AK",920,163,271,-24,173600,-900,-0.5%,-0.8,403410
13,MI,Midwest,East North Central,"Ann Arbor, MI",355,114,17,8,225300,3100,1.4%,8.3,360871
14,AL,South,East South Central,"Anniston-Oxford-Jacksonville, AL",60,-1,0,-4,47500,500,1.1%,8.3,114967
15,WI,Midwest,East North Central,"Appleton, WI",395,-15,210,8,125500,900,0.7%,1.5,233692
16,NC,South,South Atlantic,"Asheville, NC",1913,249,1319,919,193300,3500,1.8%,1.1,448542
17,GA,South,South Atlantic,"Athens-Clarke County, GA",535,44,316,223,99500,1900,1.9%,2.2,201051
18,GA,South,South Atlantic,"Atlanta-Sandy Springs-Roswell, GA",25396,2380,8335,-2887,2752700,41300,1.5%,1.2,5736343
19,NJ,Northeast,Middle Atlantic,"Atlantic City-Hammonton, NJ",281,11,502,95,130300,4300,3.4%,5.5,274888
20,AL,South,East South Central,"Auburn-Opelika, AL",998,73,68,28,65900,1300,2.0%,1.2,158884
21,GA,South,South Atlantic,"Augusta-Richmond County, GA-SC",2808,-30,645,252,245400,7300,3.1%,2.1,589440
22,TX,South,West South Central,"Austin-Round Rock, TX",15274,758,11821,2650,1064400,36300,3.5%,1.3,2006327
23,CA,West,Pacific,"Bakersfield, CA",1980,96,127,30,260300,3200,1.2%,1.5,889296
24,MD,South,South Atlantic,"Baltimore-Columbia-Towson, MD",5060,459,2587,1276,1413800,20900,1.5%,2.7,2808971
25,ME,Northeast,New England,"Bangor, ME",90,-1,8,-95,-,0,0.0%,0.0,153267
26,MA,Northeast,New England,"Barnstable Town, MA",125,29,6,4,-,0,0.0%,0.0,214836
27,LA,South,West South Central,"Baton Rouge, LA",3509,-324,114,110,412700,5200,1.3%,1.4,833521
28,MI,Midwest,East North Central,"Battle Creek, MI",4,0,6,6,58100,-500,-0.9%,-50.0,134775
29,MI,Midwest,East North Central,"Bay City, MI",9,-8,0,0,35300,-200,-0.6%,-22.2,105430
30,TX,South,West South Central,"Beaumont-Port Arthur, TX",414,-2,104,104,163700,-800,-0.5%,-1.5,408827
31,WV,South,South Atlantic,"Beckley, WV",81,5,0,0,44800,-200,-0.4%,-2.5,122398
32,WA,West,Pacific,"Bellingham, WA",780,45,669,234,94800,2100,2.3%,1.4,211958
33,OR,West,Pacific,"Bend-Redmond, OR",1764,10,157,-416,82700,1900,2.4%,1.0,174060
34,MT,West,Mountain,"Billings, MT",508,38,30,-12,85200,-100,-0.1%,-0.2,169738
35,NY,Northeast,Middle Atlantic,"Binghamton, NY",3,1,0,0,103400,-1000,-1.0%,-333.3,245687
36,AL,South,East South Central,"Birmingham-Hoover, AL",2705,28,534,-39,537600,10000,1.9%,3.1,1150168
37,ND,Midwest,West North Central,"Bismarck, ND",483,-72,109,-90,72200,-2000,-2.7%,-3.4,131234
38,VA,South,South Atlantic,"Blacksburg-Christiansburg-Radford, VA",88,35,12,12,78000,-400,-0.5%,-4.0,183334
39,IL,Midwest,East North Central,"Bloomington, IL",153,-39,170,15,94800,-600,-0.6%,-1.9,191024
40,IN,Midwest,East North Central,"Bloomington, IN",298,-19,320,127,76500,-800,-1.0%,-1.3,165775
41,PA,Northeast,Middle Atlantic,"Bloomsburg-Berwick, PA",94,-35,97,57,43300,100,0.2%,0.5,85942
42,ID,West,Mountain,"Boise City, ID",6660,1205,1765,571,325000,11100,3.5%,1.3,683525
43,MA,Northeast,New England,"Boston-Cambridge-Newton, MA-NH",5152,-14,10084,3106,-,0,0.0%,0.0,4790344
44,CO,West,Mountain,"Boulder, CO",693,-18,994,471,193000,3700,2.0%,2.2,320539
45,KY,South,East South Central,"Bowling Green, KY",745,98,736,423,78300,1200,1.6%,0.8,168367
46,WA,West,Pacific,"Bremerton-Silverdale, WA",954,27,201,-15,91800,1800,2.0%,1.6,257222
47,CT,Northeast,New England,"Bridgeport-Stamford-Norwalk, CT",787,36,714,273,-,0,0.0%,0.0,953232
48,TX,South,West South Central,"Brownsville-Harlingen, TX",889,59,20,-112,143000,1100,0.8%,1.2,427143
49,GA,South,South Atlantic,"Brunswick, GA",592,26,0,0,44300,100,0.2%,0.2,115798
50,NY,Northeast,Middle Atlantic,"Buffalo-Cheektowaga-Niagara Falls, NY",1013,65,505,-183,565700,7100,1.3%,4.7,1136916
51,NC,South,South Atlantic,"Burlington, NC",686,56,110,-94,61400,-100,-0.2%,-0.1,156731
52,VT,Northeast,New England,"Burlington-South Burlington, VT",259,0,375,-5,-,0,0.0%,0.0,217871
53,MD,South,South Atlantic,"California-Lexington Park, MD",1145,270,0,-4,45100,300,0.7%,0.3,111772
54,OH,Midwest,East North Central,"Canton-Massillon, OH",365,2,74,-3,173600,-500,-0.3%,-1.1,404266
55,FL,South,South Atlantic,"Cape Coral-Fort Myers, FL",5149,931,2005,273,267900,900,0.3%,0.1,697666
56,IL,Midwest,East North Central,"Cape Girardeau, MO-IL",0,0,0,0,45400,1000,2.3%,0.0,98444
57,IL,Midwest,East North Central,"Carbondale-Marion, IL",0,0,0,0,57600,-1000,-1.7%,0.0,126449
58,NV,West,Mountain,"Carson City, NV",129,1,8,-84,30700,800,2.7%,5.8,54420
59,WY,West,Mountain,"Casper, WY",154,4,16,0,38700,600,1.6%,3.5,83556
60,IA,Midwest,West North Central,"Cedar Rapids, IA",384,-63,443,278,145300,1100,0.8%,1.3,265782
61,PA,Northeast,Middle Atlantic,"Chambersburg-Waynesboro, PA",341,84,65,50,61100,1000,1.7%,2.5,153936
62,IL,Midwest,East North Central,"Champaign-Urbana, IL",128,-52,513,0,113700,900,0.8%,1.4,239210
63,WV,South,South Atlantic,"Charleston, WV",62,-8,91,-69,116700,100,0.1%,0.7,220915
64,SC,South,South Atlantic,"Charleston-North Charleston, SC",4910,127,1620,-511,356500,3800,1.1%,0.6,750593
65,NC,South,South Atlantic,"Charlotte-Concord-Gastonia, NC-SC",14707,1074,9888,3945,1205300,32500,2.8%,1.3,2436209
66,VA,South,South Atlantic,"Charlottesville, VA",685,123,289,-78,121600,4000,3.4%,4.1,230823
67,TN,South,East South Central,"Chattanooga, TN-GA",1752,233,681,394,263400,7600,3.0%,3.1,549579
68,WY,West,Mountain,"Cheyenne, WY",364,-111,184,115,46400,200,0.4%,0.4,97698
69,IL,Midwest,East North Central,"Chicago-Naperville-Elgin, IL-IN-WI",8572,623,10336,-880,4698900,34700,0.7%,1.8,9581253
70,CA,West,Pacific,"Chico, CA",299,11,158,-294,83600,1700,2.1%,3.7,226895
71,OH,Midwest,East North Central,"Cincinnati, OH-KY-IN",4373,173,2004,6,1096900,3300,0.3%,0.5,2163683
72,KY,South,East South Central,"Clarksville, TN-KY",1603,256,178,-239,91500,1200,1.3%,0.7,284018
73,TN,South,East South Central,"Cleveland, TN",312,40,90,-32,46900,1100,2.4%,2.7,121247
74,OH,Midwest,East North Central,"Cleveland-Elyria, OH",2609,-92,422,61,1061600,6400,0.6%,2.1,2061058
75,ID,West,Mountain,"Coeur d'Alene, ID",1288,190,338,-137,64300,1600,2.6%,1.0,150949
76,TX,South,West South Central,"College Station-Bryan, TX",1102,-57,1556,451,121300,4500,3.9%,1.7,249234
77,CO,West,Mountain,"Colorado Springs, CO",4090,471,1522,-122,294000,9100,3.2%,1.6,703046
78,MO,Midwest,West North Central,"Columbia, MO",711,-135,711,201,101300,300,0.3%,0.2,175917
79,SC,South,South Atlantic,"Columbia, SC",4297,195,733,199,398400,200,0.1%,0.0,812505
80,AL,South,East South Central,"Columbus, GA-AL",691,67,229,-44,121400,500,0.4%,0.5,316391
81,IN,Midwest,East North Central,"Columbus, IN",191,-29,0,0,53900,1300,2.5%,6.8,81344
82,OH,Midwest,East North Central,"Columbus, OH",4307,247,4339,302,1094500,15100,1.4%,1.7,2030140
83,TX,South,West South Central,"Corpus Christi, TX",1292,110,22,22,192000,-2100,-1.1%,-1.6,455434
84,OR,West,Pacific,"Corvallis, OR",39,-63,7,-23,43900,500,1.2%,10.9,87755
85,FL,South,South Atlantic,"Crestview-Fort Walton Beach-Destin, FL",2109,16,184,-527,118700,5300,4.7%,2.3,264999
86,MD,South,South Atlantic,"Cumberland, MD-WV",33,-6,2,2,39600,400,1.0%,11.4,99522
87,TX,South,West South Central,"Dallas-Fort Worth-Arlington, TX",34622,2427,27885,744,3687900,119900,3.4%,1.9,7125239
88,GA,South,South Atlantic,"Dalton, GA",0,0,0,0,67700,400,0.6%,0.0,143363
89,IL,Midwest,East North Central,"Danville, IL",8,7,0,0,28100,-300,-1.1%,-37.5,78909
90,AL,South,East South Central,"Daphne-Fairhope-Foley, AL",1874,190,108,-109,78300,2700,3.6%,1.4,206915
91,IL,Midwest,East North Central,"Davenport-Moline-Rock Island, IA-IL",318,-36,16,-9,186100,2700,1.5%,8.1,383699
92,OH,Midwest,East North Central,"Dayton, OH",1047,103,172,-169,396000,8400,2.2%,6.9,800398
93,AL,South,East South Central,"Decatur, AL",149,-21,0,0,54500,800,1.5%,5.4,152740
94,IL,Midwest,East North Central,"Decatur, IL",27,-18,2,2,51200,200,0.4%,6.9,107138
95,FL,South,South Atlantic,"Deltona-Daytona Beach-Ormond Beach, FL",1822,264,248,-251,205200,2500,1.2%,1.2,621283
96,CO,West,Mountain,"Denver-Aurora-Lakewood, CO",11702,1216,10965,-1851,1487600,38300,2.6%,1.7,2830748
97,IA,Midwest,West North Central,"Des Moines-West Des Moines, IA",3495,-373,1910,-561,367800,3300,0.9%,0.6,627569
98,MI,Midwest,East North Central,"Detroit-Warren-Dearborn, MI",6537,418,3312,1656,2010200,17100,0.9%,1.7,4299265
99,AL,South,East South Central,"Dothan, AL",218,-4,2,2,58500,500,0.9%,2.3,148771
100,DE,South,South Atlantic,"Dover, DE",1271,147,334,132,70100,200,0.3%,0.1,175410
101,IA,Midwest,West North Central,"Dubuque, IA",105,6,0,-88,60000,-200,-0.3%,-1.9,97249
102,MN,Midwest,West North Central,"Duluth, MN-WI",102,-6,19,-7,137300,700,0.5%,5.8,280279
103,NC,South,South Atlantic,"Durham-Chapel Hill, NC",3308,231,1662,565,313800,3600,1.2%,0.7,553236
104,PA,Northeast,Middle Atlantic,"East Stroudsburg, PA",151,23,0,0,58000,200,0.3%,1.3,164857
105,WI,Midwest,East North Central,"Eau Claire, WI",393,-7,158,-134,87000,-300,-0.3%,-0.5,165884
106,CA,West,Pacific,"El Centro, CA",173,58,0,-7,54400,900,1.7%,5.2,182277
107,TX,South,West South Central,"El Paso, TX",2552,-27,754,-684,317500,4300,1.4%,1.3,855316
108,KY,South,East South Central,"Elizabethtown-Fort Knox, KY",407,65,80,-76,56700,-200,-0.4%,-0.4,152206
109,IN,Midwest,East North Central,"Elkhart-Goshen, IN",272,-17,2,0,143300,7500,5.5%,27.4,203838
110,NY,Northeast,Middle Atlantic,"Elmira, NY",1,0,0,0,36200,-400,-1.1%,-400.0,86984
111,PA,Northeast,Middle Atlantic,"Erie, PA",90,32,30,26,127900,100,0.1%,0.8,277025
112,OR,West,Pacific,"Eugene, OR",698,47,49,-324,162400,3200,2.0%,4.3,361842
113,IN,Midwest,East North Central,"Evansville, IN-KY",544,-92,108,-262,162700,4600,2.9%,7.1,316450
114,AK,West,Pacific,"Fairbanks, AK",5,-6,0,0,36900,-400,-1.1%,-80.0,98635
115,ND,Midwest,West North Central,"Fargo, ND-MN",956,-161,784,-562,140900,-900,-0.6%,-0.5,235930
116,NM,West,Mountain,"Farmington, NM",98,-9,4,2,49200,-100,-0.2%,-1.0,120853
117,NC,South,South Atlantic,"Fayetteville, NC",842,-26,21,13,131300,800,0.6%,0.9,385288
118,AR,South,West South Central,"Fayetteville-Springdale-Rogers, AR-MO",3633,98,1990,1086,260500,6600,2.6%,1.2,515472
119,AZ,West,Mountain,"Flagstaff, AZ",445,44,263,5,68400,600,0.9%,0.8,139111
120,MI,Midwest,East North Central,"Flint, MI",185,35,0,0,141100,500,0.4%,2.7,408690
121,SC,South,South Atlantic,"Florence, SC",368,76,104,96,89400,1300,1.5%,2.8,207728
122,AL,South,East South Central,"Florence-Muscle Shoals, AL",205,3,483,342,57100,100,0.2%,0.1,147987
123,WI,Midwest,East North Central,"Fond du Lac, WI",70,10,80,11,48300,500,1.0%,3.3,101824
124,CO,West,Mountain,"Fort Collins, CO",1640,-314,1077,-845,169200,4600,2.8%,1.7,332605
125,AR,South,West South Central,"Fort Smith, AR-OK",359,54,208,-105,112200,-800,-0.7%,-1.4,279006
126,IN,Midwest,East North Central,"Fort Wayne, IN",1109,41,415,79,223800,3200,1.5%,2.1,431093
127,CA,West,Pacific,"Fresno, CA",2336,238,1138,754,352600,9700,2.8%,2.8,983079
128,AL,South,East South Central,"Gadsden, AL",54,10,0,0,38300,500,1.3%,9.3,103043
129,FL,South,South Atlantic,"Gainesville, FL",455,10,454,-247,146100,2100,1.5%,2.3,276767
130,GA,South,South Atlantic,"Gainesville, GA",926,44,394,-138,92800,3700,4.2%,2.8,194913
131,PA,Northeast,Middle Atlantic,"Gettysburg, PA",223,-81,0,0,36100,900,2.6%,4.0,101887
132,NY,Northeast,Middle Atlantic,"Glens Falls, NY",222,23,2,-59,54300,400,0.7%,1.8,126619
133,NC,South,South Atlantic,"Goldsboro, NC",0,0,0,0,41600,-800,-1.9%,0.0,125368
134,MN,Midwest,West North Central,"Grand Forks, ND-MN",122,25,186,65,56300,-500,-0.9%,-1.6,103488
135,NE,Midwest,West North Central,"Grand Island, NE",102,24,33,-230,42400,0,0.0%,0.0,85731
136,CO,West,Mountain,"Grand Junction, CO",780,262,88,69,63800,1600,2.6%,1.8,149194
137,MI,Midwest,East North Central,"Grand Rapids-Wyoming, MI",1828,239,1469,-1094,563900,12800,2.3%,3.9,1043061
138,OR,West,Pacific,"Grants Pass, OR",0,0,0,0,26700,600,2.3%,0.0,83968
139,MT,West,Mountain,"Great Falls, MT",204,46,8,-68,35800,-200,-0.6%,-0.9,82595
140,CO,West,Mountain,"Greeley, CO",2337,476,1075,565,107900,3900,3.8%,1.1,286209
141,WI,Midwest,East North Central,"Green Bay, WI",652,-54,331,4,178500,1300,0.7%,1.3,317388
142,NC,South,South Atlantic,"Greensboro-High Point, NC",2099,365,755,-545,363100,2700,0.7%,0.9,754836
143,NC,South,South Atlantic,"Greenville, NC",316,70,492,-57,80400,700,0.9%,0.9,177557
144,SC,South,South Atlantic,"Greenville-Anderson-Mauldin, SC",4673,348,999,-318,421600,7600,1.8%,1.3,877875
145,MS,South,East South Central,"Gulfport-Biloxi-Pascagoula, MS",1783,183,132,-32,155400,-100,-0.1%,-0.1,391544
146,MD,South,South Atlantic,"Hagerstown-Martinsburg, MD-WV",1197,231,86,55,104900,600,0.6%,0.5,263044
147,LA,South,West South Central,"Hammond, LA",744,93,10,4,46900,1100,2.4%,1.5,129315
148,CA,West,Pacific,"Hanford-Corcoran, CA",0,0,0,0,39300,500,1.3%,0.0,149856
149,PA,Northeast,Middle Atlantic,"Harrisburg-Carlisle, PA",1325,144,532,231,343900,1800,0.5%,1.0,565234
150,VA,South,South Atlantic,"Harrisonburg, VA",532,44,0,-3,69300,800,1.2%,1.5,132853
151,CT,Northeast,New England,"Hartford-West Hartford-East Hartford, CT",770,-31,988,154,-,0,0.0%,0.0,1213506
152,MS,South,East South Central,"Hattiesburg, MS",70,-20,35,-22,65800,1100,1.7%,10.5,150264
153,NC,South,South Atlantic,"Hickory-Lenoir-Morganton, NC",9,-2,37,-35,155100,600,0.4%,13.0,362997
154,SC,South,South Atlantic,"Hilton Head Island-Bluffton-Beaufort, SC",714,105,129,-51,81000,1800,2.3%,2.1,209656
155,GA,South,South Atlantic,"Hinesville, GA",339,77,10,-52,20400,-100,-0.5%,-0.3,83693
156,FL,South,South Atlantic,"Homosassa Springs, FL",413,33,140,107,33700,0,0.0%,0.0,140963
157,AR,South,West South Central,"Hot Springs, AR",44,2,0,0,38900,0,0.0%,0.0,97712
158,LA,South,West South Central,"Houma-Thibodaux, LA",385,-42,24,19,85900,300,0.4%,0.7,212975
159,TX,South,West South Central,"Houston-The Woodlands-Sugar Land, TX",39786,2492,7056,-1825,3097500,84500,2.8%,1.8,6677340
160,KY,South,East South Central,"Huntington-Ashland, WV-KY-OH",174,31,15,-17,137500,-1300,-0.9%,-6.9,362374
161,AL,South,East South Central,"Huntsville, AL",2542,207,378,-66,238300,6600,2.8%,2.3,449107
162,ID,West,Mountain,"Idaho Falls, ID",939,91,244,166,66400,1500,2.3%,1.3,139959
163,IN,Midwest,East North Central,"Indianapolis-Carmel-Anderson, IN",6682,1046,1166,-910,1066500,12200,1.2%,1.6,2001125
164,IA,Midwest,West North Central,"Iowa City, IA",331,-99,894,-368,103100,500,0.5%,0.4,168493
165,NY,Northeast,Middle Atlantic,"Ithaca, NY",10,-15,70,62,67900,1700,2.6%,21.3,105726
166,MI,Midwest,East North Central,"Jackson, MI",5,-1,0,0,58600,700,1.2%,140.0,159572
167,MS,South,East South Central,"Jackson, MS",1546,-182,20,8,283800,3000,1.1%,1.9,579115
168,TN,South,East South Central,"Jackson, TN",184,7,138,138,69100,1200,1.8%,3.7,130093
169,FL,South,South Atlantic,"Jacksonville, FL",10280,1654,4141,328,705400,17300,2.5%,1.2,1450789
170,NC,South,South Atlantic,"Jacksonville, NC",964,119,88,68,49900,200,0.4%,0.2,195727
171,WI,Midwest,East North Central,"Janesville-Beloit, WI",178,40,10,-12,69300,1000,1.5%,5.3,161801
172,MO,Midwest,West North Central,"Jefferson City, MO",0,0,0,0,77700,-300,-0.4%,0.0,151197
173,TN,South,East South Central,"Johnson City, TN",235,121,48,-4,80200,-1000,-1.2%,-3.5,201626
174,PA,Northeast,Middle Atlantic,"Johnstown, PA",7,0,0,0,55900,200,0.4%,28.6,135462
175,AR,South,West South Central,"Jonesboro, AR",531,39,394,5,58500,1200,2.1%,1.3,128583
176,MO,Midwest,West North Central,"Joplin, MO",162,17,134,107,81600,100,0.1%,0.3,176810
177,HI,West,Pacific,"Kahului-Wailuku-Lahaina, HI",416,73,318,2,77100,1300,1.7%,1.8,166317
178,MI,Midwest,East North Central,"Kalamazoo-Portage, MI",103,-17,0,0,149000,1300,0.9%,12.6,336638
179,IL,Midwest,East North Central,"Kankakee, IL",27,8,0,0,48100,1800,3.9%,66.7,110346
180,MO,Midwest,West North Central,"Kansas City, MO-KS",5866,286,4047,-68,1094800,14800,1.4%,1.5,2094363
181,WA,West,Pacific,"Kennewick-Richland, WA",1565,243,378,173,114900,2500,2.2%,1.3,281681
182,TX,South,West South Central,"Killeen-Temple, TX",1888,115,728,459,145300,2300,1.6%,0.9,433658
183,TN,South,East South Central,"Kingsport-Bristol-Bristol, TN-VA",15,0,0,0,122900,600,0.5%,40.0,308353
184,NY,Northeast,Middle Atlantic,"Kingston, NY",58,4,63,-15,62200,700,1.1%,5.8,179611
185,TN,South,East South Central,"Knoxville, TN",3172,447,1173,403,397000,700,0.2%,0.2,865193
186,IN,Midwest,East North Central,"Kokomo, IN",77,-24,7,-193,43200,1700,4.1%,20.2,83026
187,MN,Midwest,West North Central,"La Crosse-Onalaska, WI-MN",205,-34,165,94,80600,1000,1.3%,2.7,137769
188,LA,South,West South Central,"Lafayette, LA",1566,-314,13,-315,201600,-500,-0.2%,-0.3,492374
189,IN,Midwest,East North Central,"Lafayette-West Lafayette, IN",472,-24,1232,1120,105900,3200,3.1%,1.9,215074
190,LA,South,West South Central,"Lake Charles, LA",927,135,825,211,119200,4700,4.1%,2.7,205677
191,AZ,West,Mountain,"Lake Havasu City-Kingman, AZ",915,173,60,42,51600,1400,2.8%,1.4,203969
192,FL,South,South Atlantic,"Lakeland-Winter Haven, FL",4075,680,48,-764,225900,5500,2.5%,1.3,648302
193,PA,Northeast,Middle Atlantic,"Lancaster, PA",117,30,100,33,256400,2400,0.9%,11.1,538207
194,MI,Midwest,East North Central,"Lansing-East Lansing, MI",164,-29,66,-86,239900,2400,1.0%,10.4,473122
195,TX,South,West South Central,"Laredo, TX",1080,-52,191,-462,104900,1800,1.7%,1.4,273614
196,NM,West,Mountain,"Las Cruces, NM",859,47,361,329,70900,-1400,-1.9%,-1.1,214063
197,NV,West,Mountain,"Las Vegas-Henderson-Paradise, NV",10163,1076,3520,244,1000000,29300,3.0%,2.1,2119834
198,KS,Midwest,West North Central,"Lawrence, KS",167,-117,169,31,54900,300,0.5%,0.9,118885
199,OK,South,West South Central,"Lawton, OK",64,-5,2,-8,46100,0,0.0%,0.0,130835
200,PA,Northeast,Middle Atlantic,"Lebanon, PA",190,5,0,0,52600,400,0.8%,2.1,137224
201,ID,West,Mountain,"Lewiston, ID-WA",1,-1,0,0,29500,700,2.4%,700.0,62657
202,ME,Northeast,New England,"Lewiston-Auburn, ME",87,26,104,67,-,0,0.0%,0.0,107443
203,KY,South,East South Central,"Lexington-Fayette, KY",1526,-46,950,-179,279800,1900,0.7%,0.8,501749
204,OH,Midwest,East North Central,"Lima, OH",10,7,0,-5,53100,-300,-0.6%,-30.0,104706
205,NE,Midwest,West North Central,"Lincoln, NE",1136,50,1129,-271,189600,600,0.3%,0.3,325292
206,AR,South,West South Central,"Little Rock-North Little Rock-Conway, AR",1993,362,929,139,360700,2200,0.6%,0.8,738001
207,ID,West,Mountain,"Logan, UT-ID",195,17,236,122,63200,1500,2.4%,3.5,133290
208,TX,South,West South Central,"Longview, TX",125,-30,76,68,96700,900,0.9%,4.5,220203
209,WA,West,Pacific,"Longview, WA",207,69,2,2,40500,600,1.5%,2.9,103544
210,CA,West,Pacific,"Los Angeles-Long Beach-Anaheim, CA",10618,847,20658,-1547,6117800,94100,1.6%,3.0,13432332
211,IN,Midwest,East North Central,"Louisville/Jefferson County, KY-IN",3361,288,1933,634,671100,8800,1.3%,1.7,1282002
212,TX,South,West South Central,"Lubbock, TX",1462,244,964,108,150400,2400,1.6%,1.0,312354
213,VA,South,South Atlantic,"Lynchburg, VA",252,-157,129,30,105700,1800,1.7%,4.7,260328
214,GA,South,South Atlantic,"Macon, GA",232,39,0,0,102800,100,0.1%,0.4,229221
215,CA,West,Pacific,"Madera, CA",465,187,0,0,38300,1000,2.7%,2.2,156757
216,WI,Midwest,East North Central,"Madison, WI",1702,98,2487,-282,405500,5400,1.3%,1.3,643699
217,NH,Northeast,New England,"Manchester-Nashua, NH",433,29,341,18,-,0,0.0%,0.0,406407
218,KS,Midwest,West North Central,"Manhattan, KS",252,-24,56,0,44000,400,0.9%,1.3,98619
219,MN,Midwest,West North Central,"Mankato-North Mankato, MN",163,28,129,-214,58900,1100,1.9%,3.8,99265
220,OH,Midwest,East North Central,"Mansfield, OH",0,0,0,0,52500,400,0.8%,0.0,121333
221,TX,South,West South Central,"McAllen-Edinburg-Mission, TX",2828,-30,1602,111,263500,4500,1.7%,1.0,854703
222,OR,West,Pacific,"Medford, OR",526,-45,94,-34,88800,2900,3.4%,4.7,212492
223,TN,South,East South Central,"Memphis, TN-MS-AR",3301,327,784,-164,649400,9300,1.5%,2.3,1347257
224,CA,West,Pacific,"Merced, CA",193,50,4,4,69300,2200,3.3%,11.2,270433
225,FL,South,South Atlantic,"Miami-Fort Lauderdale-West Palm Beach, FL",6661,100,12063,-191,2666200,25500,1.0%,1.4,6032325
226,IN,Midwest,East North Central,"Michigan City-La Porte, IN",134,41,0,-14,41100,-600,-1.4%,-4.5,111601
227,MI,Midwest,East North Central,"Midland, MI",52,-4,26,-52,37100,-200,-0.5%,-2.6,83266
228,TX,South,West South Central,"Midland, TX",801,-8,0,-18,102300,11100,12.2%,13.9,168021
229,WI,Midwest,East North Central,"Milwaukee-Waukesha-West Allis, WI",1569,-30,1897,58,873600,10200,1.2%,2.9,1577013
230,MN,Midwest,West North Central,"Minneapolis-St. Paul-Bloomington, MN-WI",8671,599,6727,-926,1990200,13800,0.7%,0.9,3547539
231,MT,West,Mountain,"Missoula, MT",396,-8,505,-163,61700,600,1.0%,0.7,113952
232,AL,South,East South Central,"Mobile, AL",634,-106,256,64,186600,2400,1.3%,2.7,415990
233,CA,West,Pacific,"Modesto, CA",41,3,0,0,176100,2700,1.6%,65.9,540102
234,LA,South,West South Central,"Monroe, LA",505,-2,89,25,78800,200,0.3%,0.3,179539
235,MI,Midwest,East North Central,"Monroe, MI",12,3,0,0,42500,200,0.5%,16.7,149108
236,AL,South,East South Central,"Montgomery, AL",722,-19,7,-73,177300,-500,-0.3%,-0.7,371626
237,WV,South,South Atlantic,"Morgantown, WV",9,-6,0,-54,73400,1400,1.9%,155.6,139563
238,TN,South,East South Central,"Morristown, TN",0,0,0,0,46600,500,1.1%,0.0,116223
239,WA,West,Pacific,"Mount Vernon-Anacortes, WA",512,113,24,24,50500,400,0.8%,0.7,122245
240,IN,Midwest,East North Central,"Muncie, IN",13,-1,4,4,53200,1500,2.9%,88.2,116788
241,MI,Midwest,East North Central,"Muskegon, MI",21,-12,0,0,63600,-800,-1.2%,-38.1,173104
242,SC,South,South Atlantic,"Myrtle Beach-Conway-North Myrtle Beach, SC-NC",6205,573,1255,1030,171300,2900,1.7%,0.4,433835
243,CA,West,Pacific,"Napa, CA",0,0,0,0,71800,200,0.3%,0.0,143392
244,FL,South,South Atlantic,"Naples-Immokalee-Marco Island, FL",2756,125,790,-325,145700,-3600,-2.4%,-1.0,357278
245,TN,South,East South Central,"Nashville-Davidson--Murfreesboro-Franklin, TN",12811,546,6139,1886,997400,22300,2.3%,1.2,1840320
246,NC,South,South Atlantic,"New Bern, NC",0,0,0,0,44800,-100,-0.2%,0.0,127845
247,CT,Northeast,New England,"New Haven-Milford, CT",210,-19,444,46,-,0,0.0%,0.0,859686
248,LA,South,West South Central,"New Orleans-Metairie, LA",2651,241,407,-138,582500,4800,0.8%,1.6,1270168
249,NY,Northeast,Middle Atlantic,"New York-Newark-Jersey City, NY-NJ-PA",10209,402,36407,467,9727400,113500,1.2%,2.4,20257610
250,MI,Midwest,East North Central,"Niles-Benton Harbor, MI",12,-4,0,0,61500,-200,-0.3%,-16.7,154750
251,FL,South,South Atlantic,"North Port-Sarasota-Bradenton, FL",6296,396,2790,732,309200,7100,2.4%,0.8,764693
252,CT,Northeast,New England,"Norwich-New London, CT",113,-10,53,-25,-,0,0.0%,0.0,273334
253,FL,South,South Atlantic,"Ocala, FL",2240,596,316,300,104300,1800,1.8%,0.7,344731
254,NJ,Northeast,Middle Atlantic,"Ocean City, NJ",430,-104,244,62,39300,1600,4.2%,2.4,94639
255,TX,South,West South Central,"Odessa, TX",600,111,10,-72,76400,4400,6.1%,7.2,159107
256,UT,West,Mountain,"Ogden-Clearfield, UT",2416,239,587,-525,258300,4400,1.7%,1.5,646186
257,OK,South,West South Central,"Oklahoma City, OK",5309,195,502,-554,648600,15200,2.4%,2.6,1365068
258,WA,West,Pacific,"Olympia-Tumwater, WA",1006,46,317,-520,119000,3600,3.1%,2.7,271588
259,IA,Midwest,West North Central,"Omaha-Council Bluffs, NE-IA",3090,70,2571,1439,504300,4700,0.9%,0.8,918168
260,FL,South,South Atlantic,"Orlando-Kissimmee-Sanford, FL",15694,1045,8815,1044,1284700,40000,3.2%,1.6,2389635
261,WI,Midwest,East North Central,"Oshkosh-Neenah, WI",220,-31,253,143,98400,0,0.0%,0.0,170214
262,KY,South,East South Central,"Owensboro, KY",251,18,30,-97,54600,700,1.3%,2.5,116963
263,CA,West,Pacific,"Oxnard-Thousand Oaks-Ventura, CA",672,263,923,170,308000,4200,1.4%,2.6,856455
264,FL,South,South Atlantic,"Palm Bay-Melbourne-Titusville, FL",2105,270,428,25,217200,1900,0.9%,0.8,565824
265,FL,South,South Atlantic,"Panama City, FL",644,116,39,39,86900,2900,3.5%,4.2,197801
266,WV,South,South Atlantic,"Parkersburg-Vienna, WV",76,-55,34,8,39700,-100,-0.3%,-0.9,91844
267,FL,South,South Atlantic,"Pensacola-Ferry Pass-Brent, FL",2690,167,20,-238,180000,1800,1.0%,0.7,482475
268,IL,Midwest,East North Central,"Peoria, IL",45,-2,36,36,172400,-500,-0.3%,-6.2,379345
269,PA,Northeast,Middle Atlantic,"Philadelphia-Camden-Wilmington, PA-NJ-DE-MD",7186,334,6092,462,2948000,39400,1.4%,3.0,6077137
270,AZ,West,Mountain,"Phoenix-Mesa-Scottsdale, AZ",21163,2270,9855,-951,2092700,56400,2.8%,1.8,4606379
271,AR,South,West South Central,"Pine Bluff, AR",22,6,10,6,32900,-300,-0.9%,-9.4,92838
272,PA,Northeast,Middle Atlantic,"Pittsburgh, PA",1060,21,451,-517,1187800,13800,1.2%,9.1,2352895
273,MA,Northeast,New England,"Pittsfield, MA",10,3,0,0,-,0,0.0%,0.0,127695
274,ID,West,Mountain,"Pocatello, ID",378,196,0,-20,38000,1300,3.5%,3.4,83306
275,FL,South,South Atlantic,"Port St. Lucie, FL",1879,310,516,279,148800,2200,1.5%,0.9,450625
276,ME,Northeast,New England,"Portland-South Portland, ME",1409,105,502,100,-,0,0.0%,0.0,527548
277,OR,West,Pacific,"Portland-Vancouver-Hillsboro, OR-WA",6828,-152,11318,4038,1189800,18400,1.6%,1.0,2387287
278,AZ,West,Mountain,"Prescott, AZ",1308,160,483,233,65700,1800,2.8%,1.0,222986
279,RI,Northeast,New England,"Providence-Warwick, RI-MA",1813,157,337,-300,-,0,0.0%,0.0,1613744
280,UT,West,Mountain,"Provo-Orem, UT",5294,701,1697,291,258100,10000,4.0%,1.4,586798
281,CO,West,Mountain,"Pueblo, CO",405,102,7,-19,62700,-200,-0.3%,-0.5,163256
282,FL,South,South Atlantic,"Punta Gorda, FL",713,-216,20,-78,49200,500,1.0%,0.7,172029
283,WI,Midwest,East North Central,"Racine, WI",190,5,10,0,77000,-300,-0.4%,-1.5,195360
284,NC,South,South Atlantic,"Raleigh, NC",11157,1224,4158,-623,628600,18200,3.0%,1.2,1274181
285,SD,Midwest,West North Central,"Rapid City, SD",497,52,236,-308,68100,900,1.3%,1.2,147121
286,PA,Northeast,Middle Atlantic,"Reading, PA",27,-4,0,0,180400,2800,1.6%,103.7,414134
287,CA,West,Pacific,"Redding, CA",130,-27,0,0,66900,1100,1.7%,8.5,180920
288,NV,West,Mountain,"Reno, NV",2289,283,2203,576,238100,9700,4.2%,2.2,450875
289,VA,South,South Atlantic,"Richmond, VA",4657,519,1750,533,675500,5500,0.8%,0.9,1274616
290,CA,West,Pacific,"Riverside-San Bernardino-Ontario, CA",10842,2462,2558,-559,1488600,49000,3.4%,3.7,4507242
291,VA,South,South Atlantic,"Roanoke, VA",0,0,0,0,160800,600,0.4%,0.0,315329
292,MN,Midwest,West North Central,"Rochester, MN",486,30,708,-6,118300,-800,-0.7%,-0.7,215134
293,NY,Northeast,Middle Atlantic,"Rochester, NY",1105,-189,809,-108,541000,5100,1.0%,2.7,1083709
294,IL,Midwest,East North Central,"Rockford, IL",185,5,9,-9,150900,1600,1.1%,8.2,339609
295,NC,South,South Atlantic,"Rocky Mount, NC",0,0,0,0,55500,-400,-0.7%,0.0,148445
296,GA,South,South Atlantic,"Rome, GA",153,31,4,-120,41500,400,1.0%,2.5,96046
297,CA,West,Pacific,"Sacramento-Roseville-Arden-Arcade, CA",6671,72,2365,1230,982100,22600,2.4%,2.5,2277602
298,MI,Midwest,East North Central,"Saginaw, MI",48,-8,24,8,87300,-200,-0.2%,-2.8,192860
299,OR,West,Pacific,"Salem, OR",563,110,631,176,166400,2400,1.5%,2.0,409942
300,CA,West,Pacific,"Salinas, CA",275,39,245,55,142300,5000,3.6%,9.6,435162
301,MD,South,South Atlantic,"Salisbury, MD-DE",2961,386,441,-22,157600,1500,1.0%,0.4,396238
302,UT,West,Mountain,"Salt Lake City, UT",5444,1122,3849,-615,732100,20400,2.9%,2.2,1174763
303,TX,South,West South Central,"San Angelo, TX",224,45,0,-4,49300,700,1.4%,3.1,119830
304,TX,South,West South Central,"San Antonio-New Braunfels, TX",7477,562,2766,-264,1056400,23100,2.2%,2.3,2394156
305,CA,West,Pacific,"San Diego-Carlsbad, CA",4304,1740,8010,1915,1480500,32100,2.2%,2.6,3311903
306,CA,West,Pacific,"San Francisco-Oakland-Hayward, CA",4819,233,13873,3472,2426800,44800,1.9%,2.4,4673188
307,CA,West,Pacific,"San Jose-Sunnyvale-Santa Clara, CA",2890,791,5186,1337,1125000,38500,3.5%,4.8,1990275
308,CA,West,Pacific,"San Luis Obispo-Paso Robles-Arroyo Grande, CA",392,37,163,45,120100,1900,1.6%,3.4,281208
309,CA,West,Pacific,"Santa Cruz-Watsonville, CA",134,22,121,-1,104800,2900,2.8%,11.4,276275
310,NM,West,Mountain,"Santa Fe, NM",161,37,0,0,63200,700,1.1%,4.3,149518
311,CA,West,Pacific,"Santa Maria-Santa Barbara, CA",240,142,165,96,185400,2900,1.6%,7.2,446989
312,CA,West,Pacific,"Santa Rosa, CA",1259,708,187,101,208400,3100,1.5%,2.1,506467
313,GA,South,South Atlantic,"Savannah, GA",1944,124,353,325,179600,1000,0.6%,0.4,381496
314,PA,Northeast,Middle Atlantic,"Scranton--Wilkes-Barre--Hazleton, PA",56,-10,20,20,266500,5000,1.9%,65.8,557187
315,WA,West,Pacific,"Seattle-Tacoma-Bellevue, WA",10112,1011,17622,625,2045000,63700,3.2%,2.3,3737408
316,FL,South,South Atlantic,"Sebastian-Vero Beach, FL",1007,208,15,15,52600,600,1.2%,0.6,147219
317,FL,South,South Atlantic,"Sebring, FL",0,0,0,0,26000,-400,-1.5%,0.0,99821
318,WI,Midwest,East North Central,"Sheboygan, WI",10,1,0,0,62800,800,1.3%,80.0,115497
319,TX,South,West South Central,"Sherman-Denison, TX",0,0,0,0,47700,900,1.9%,0.0,125028
320,LA,South,West South Central,"Shreveport-Bossier City, LA",1070,3,9,-22,180000,200,0.1%,0.2,444405
321,AZ,West,Mountain,"Sierra Vista-Douglas, AZ",207,67,5,-38,33500,-400,-1.2%,-1.9,124707
322,IA,Midwest,West North Central,"Sioux City, IA-NE-SD",138,12,6,0,87700,800,0.9%,5.6,168830
323,SD,Midwest,West North Central,"Sioux Falls, SD",1372,-22,1200,-146,155400,500,0.3%,0.2,255862
324,IN,Midwest,East North Central,"South Bend-Mishawaka, IN-MI",344,71,420,420,144300,1600,1.1%,2.1,319616
325,SC,South,South Atlantic,"Spartanburg, SC",2365,323,0,0,156800,4300,2.8%,1.8,324859
326,WA,West,Pacific,"Spokane-Spokane Valley, WA",1954,121,1413,-179,244800,700,0.3%,0.2,550255
327,IL,Midwest,East North Central,"Springfield, IL",84,-7,187,105,112500,-1400,-1.2%,-5.2,211582
328,MA,Northeast,New England,"Springfield, MA",36,-3,2,0,-,0,0.0%,0.0,630835
329,MO,Midwest,West North Central,"Springfield, MO",720,24,265,-556,214900,1700,0.8%,1.7,457894
330,OH,Midwest,East North Central,"Springfield, OH",54,-13,52,52,50200,-400,-0.8%,-3.8,136041
331,MN,Midwest,West North Central,"St. Cloud, MN",9,3,0,0,110500,200,0.2%,22.2,193559
332,UT,West,Mountain,"St. George, UT",1702,427,362,302,66600,2800,4.4%,1.4,157440
333,KS,Midwest,West North Central,"St. Joseph, MO-KS",1,1,0,0,64900,400,0.6%,400.0,127177
334,MO,Midwest,West North Central,"St. Louis, MO-IL",5418,-261,1988,-782,1390900,10400,0.8%,1.4,2812942
335,PA,Northeast,Middle Atlantic,"State College, PA",69,-7,0,-10,80900,300,0.4%,4.3,160586
336,VA,South,South Atlantic,"Staunton-Waynesboro, VA",209,8,22,4,50600,400,0.8%,1.7,120820
337,CA,West,Pacific,"Stockton-Lodi, CA",1917,533,165,74,240600,9200,4.0%,4.4,727820
338,SC,South,South Atlantic,"Sumter, SC",268,19,10,-20,39800,600,1.5%,2.2,107979
339,NY,Northeast,Middle Atlantic,"Syracuse, NY",299,-69,278,-178,320100,3000,0.9%,5.2,660783
340,FL,South,South Atlantic,"Tallahassee, FL",964,181,617,440,185100,2500,1.4%,1.6,381261
341,FL,South,South Atlantic,"Tampa-St. Petersburg-Clearwater, FL",12959,1092,4738,28,1357600,34200,2.6%,1.9,2979822
342,IN,Midwest,East North Central,"Terre Haute, IN",33,-24,274,96,70900,-200,-0.3%,-0.7,170786
343,AR,South,West South Central,"Texarkana, TX-AR",46,-2,0,-2,60500,300,0.5%,6.5,149816
344,FL,South,South Atlantic,"The Villages, FL",1986,896,0,-4,28800,400,1.4%,0.2,121962
345,OH,Midwest,East North Central,"Toledo, OH",605,26,242,113,307800,-300,-0.1%,-0.4,606433
346,KS,Midwest,West North Central,"Topeka, KS",263,-54,6,-16,111800,1000,0.9%,3.7,233469
347,NJ,Northeast,Middle Atlantic,"Trenton, NJ",156,-15,471,159,272500,7000,2.6%,11.2,372996
348,AZ,West,Mountain,"Tucson, AZ",2982,792,213,-33,384900,5300,1.4%,1.7,1013316
349,OK,South,West South Central,"Tulsa, OK",2992,-171,426,-275,457100,11200,2.5%,3.3,980595
350,AL,South,East South Central,"Tuscaloosa, AL",504,31,594,-140,109900,2300,2.1%,2.1,240930
351,TX,South,West South Central,"Tyler, TX",341,43,119,82,106600,2600,2.5%,5.7,223257
352,HI,West,Pacific,"Urban Honolulu, HI",1011,156,1584,914,483200,6600,1.4%,2.5,1002987
353,NY,Northeast,Middle Atlantic,"Utica-Rome, NY",8,-11,5,5,125600,-1900,-1.5%,-146.2,295212
354,GA,South,South Atlantic,"Valdosta, GA",901,184,4,-26,57000,800,1.4%,0.9,143604
355,CA,West,Pacific,"Vallejo-Fairfield, CA",534,-144,0,-63,140100,2500,1.8%,4.7,438256
356,TX,South,West South Central,"Victoria, TX",0,0,0,0,40400,-1000,-2.4%,0.0,100517
357,NJ,Northeast,Middle Atlantic,"Vineland-Bridgeton, NJ",113,-43,15,-25,59300,400,0.7%,3.1,157420
358,VA,South,South Atlantic,"Virginia Beach-Norfolk-Newport News, VA-NC",4301,68,1196,-1333,780000,-1300,-0.2%,-0.2,1734823
359,CA,West,Pacific,"Visalia-Porterville, CA",1171,-3,270,154,128200,3200,2.6%,2.2,465646
360,TX,South,West South Central,"Waco, TX",527,43,469,-54,121800,1200,1.0%,1.2,264642
361,WA,West,Pacific,"Walla Walla, WA",142,7,0,-2,29200,1500,5.4%,10.6,64680
362,GA,South,South Atlantic,"Warner Robins, GA",897,62,144,-43,74800,1100,1.5%,1.1,189548
363,DC,Northeast,South Atlantic,"Washington-Arlington-Alexandria, DC-VA-MD-WV",14512,1046,11713,1354,3307900,38700,1.2%,1.5,6145027
364,IA,Midwest,West North Central,"Waterloo-Cedar Falls, IA",124,-24,14,-59,91200,-200,-0.2%,-1.4,170883
365,NY,Northeast,Middle Atlantic,"Watertown-Fort Drum, NY",103,-34,2,2,41500,100,0.2%,1.0,118968
366,WI,Midwest,East North Central,"Wausau, WI",146,19,2,-30,73300,1800,2.5%,12.2,136463
367,OH,Midwest,East North Central,"Weirton-Steubenville, WV-OH",0,0,0,0,40800,-700,-1.7%,0.0,120386
368,WA,West,Pacific,"Wenatchee, WA",527,73,154,131,45100,1000,2.3%,1.5,116131
369,WV,South,South Atlantic,"Wheeling, WV-OH",8,-8,0,-16,66500,-400,-0.6%,-50.0,144272
370,TX,South,West South Central,"Wichita Falls, TX",1,0,0,0,59200,100,0.2%,100.0,152379
371,KS,Midwest,West North Central,"Wichita, KS",1053,164,1075,335,296400,100,0.0%,0.0,644995
372,PA,Northeast,Middle Atlantic,"Williamsport, PA",27,14,0,0,52700,-700,-1.3%,-25.9,116297
373,NC,South,South Atlantic,"Wilmington, NC",1520,266,686,191,127000,1100,0.9%,0.5,279221
374,VA,South,South Atlantic,"Winchester, VA-WV",613,-200,171,155,65400,2000,3.2%,2.6,134803
375,NC,South,South Atlantic,"Winston-Salem, NC",2146,874,953,460,267500,4600,1.7%,1.5,659449
376,MA,Northeast,New England,"Worcester, MA-CT",216,31,6,-119,-,0,0.0%,0.0,934850
377,WA,West,Pacific,"Yakima, WA",373,58,15,9,90000,4100,4.8%,10.6,250841
378,PA,Northeast,Middle Atlantic," York-Hanover, PA",146,23,24,3,187100,1200,0.6%,7.1,442842
379,OH,Midwest,East North Central," Youngstown-Warren-Boardman, OH-PA",230,4,15,-1,218400,-2700,-1.2%,-11.0,548882
380,CA,West,Pacific,"Yuba City, CA",0,0,0,0,44300,1000,2.3%,0.0,171777
381,AZ,West,Mountain," Yuma, AZ",1033,140,91,74,54500,-200,-0.4%,-0.2,204641
